lat,lon,sumo_x,sumo_y,sumo_bbox_polygon,sumo_polygon
46.71409864309129,8.60760053638305,14725.298024782212,24084.456194857135,"[(14720.019880294101, 24082.61084968131), (14720.089030746894, 24096.4787062807), (14731.591731868742, 24096.421360339038), (14731.522607933905, 24082.55350372661)]","[(14720.084043930576, 24095.478620458394), (14730.330638389685, 24096.427646362223), (14731.527592828206, 24083.553589528427), (14721.273333670804, 24082.604599619284), (14720.084043930576, 24095.478620458394)]"
46.69785073970273,8.596160342226595,13841.660933595733,22283.404144635424,"[(13831.77809464949, 22277.127522082068), (13831.865730143036, 22294.20671540033), (13846.384127108322, 22294.13223709166), (13846.296532812237, 22277.053043749183)]","[(13838.28776987252, 22294.17376648914), (13846.364009465557, 22290.20968971867), (13839.87447485479, 22277.0859840326), (13831.798221714445, 22281.050069367513), (13838.28776987252, 22294.17376648914)]"
46.70619087082382,8.597006172135842,13911.071325745259,23209.83151204232,"[(13903.94951303699, 23203.970565808937), (13904.024735683051, 23218.660693707876), (13915.926615985634, 23218.599760337733), (13915.851422396605, 23203.90963242296)]","[(13905.056690622121, 23218.65540953353), (13915.922520717839, 23217.799692847766), (13914.811820807692, 23203.914953862317), (13903.95360987878, 23204.77063328121), (13905.056690622121, 23218.65540953353)]"
46.71370142387312,8.608612153366769,14802.396483637975,24039.93196830433,"[(14791.971229688264, 24030.024509838782), (14792.052705338865, 24046.403691830114), (14809.303078209748, 24046.317907206714), (14809.221649528423, 24029.93872519117)]","[(14797.777352779522, 24046.375218165107), (14809.268330125313, 24039.328419036232), (14803.496986494749, 24029.96718789544), (14792.005997767148, 24037.013997895643), (14797.777352779522, 24046.375218165107)]"
46.691839676563525,8.593638848034043,13645.437694617372,21616.445172387175,"[(13640.915845977608, 21612.159537018277), (13640.971081266587, 21622.86041247472), (13652.455582346825, 21622.801143211313), (13652.40036747168, 21612.10026774276)]","[(13640.962477633206, 21621.19360943325), (13650.941646784486, 21622.80895508174), (13652.40896791371, 21613.767070763744), (13642.43743038259, 21612.15168317221), (13640.962477633206, 21621.19360943325)]"
46.70716139442112,8.598884097429236,14055.17176257621,23316.94338495843,"[(14048.41988086555, 23310.499920446426), (14048.493054265797, 23324.85668950528), (14062.49681631988, 23324.785331527703), (14062.423676333507, 23310.428562451154)]","[(14048.447745640355, 23315.967049184255), (14055.166244368942, 23324.822681338526), (14062.469020842167, 23319.32931475807), (14055.750470303174, 23310.462562495843), (14048.447745640355, 23315.967049184255)]"
46.70656279566051,8.597589585967954,13955.87946316204,23250.931835141033,"[(13948.008263718919, 23243.716202866286), (13948.087016232545, 23259.117502897047), (13963.107592195272, 23259.040715826675), (13963.028878128447, 23243.639415773563)]","[(13950.80065718107, 23259.103627648205), (13963.094359586947, 23256.451608360745), (13960.315230231092, 23243.65328547638), (13948.021502765187, 23246.3053102782), (13950.80065718107, 23259.103627648205)]"
46.707100850230624,8.60041293763673,14172.001926812693,23309.621316878125,"[(14165.459144826571, 23304.292805070058), (14165.522842446284, 23316.838309926912), (14178.051332931907, 23316.774711679667), (14177.987661434454, 23304.229206808843)]","[(14165.48628259328, 23309.637701264583), (14171.080019127287, 23316.810096869245), (14178.024206265167, 23311.42981541902), (14172.430473163025, 23304.257413433865), (14165.48628259328, 23309.637701264583)]"
46.70695992385429,8.599232875247962,14081.71830652625,23294.42008029949,"[(14074.665741844045, 23288.641587018035), (14074.73551348818, 23302.342744663358), (14088.678175635869, 23302.271759265102), (14088.608435740403, 23288.570601603016)]","[(14080.239195912844, 23302.314720251597), (14088.647576037212, 23296.26014017407), (14083.104740779207, 23288.598618301563), (14074.696355337801, 23294.653206028044), (14080.239195912844, 23302.314720251597)]"
46.69247376891092,8.59498601991328,13748.80688484927,21686.37490943633,"[(13743.456053717295, 21681.027530182153), (13743.516996410093, 21692.872945134528), (13754.580830299878, 21692.81603366509), (13754.519909377093, 21680.970618698746)]","[(13754.526252920274, 21682.20405307971), (13753.67440012889, 21689.031395902857), (13749.336229292501, 21688.49809352774), (13748.792770689179, 21692.84580444079), (13743.513451897772, 21692.183999793604), (13744.908806014806, 21681.020056194626), (13754.526252920274, 21682.20405307971)]"
46.70639614352697,8.599822338924533,14126.45850699814,23231.54329628218,"[(14119.012597841793, 23226.042373268865), (14119.080119982711, 23239.32127176039), (14135.079186071584, 23239.23993897531), (14135.011699238385, 23225.961040462367)]","[(14122.56582190923, 23239.30354823731), (14135.057386962697, 23234.95068804454), (14131.93112691812, 23225.976697509177), (14119.035481899627, 23230.54275306128), (14122.56582190923, 23239.30354823731)]"
46.70522124262617,8.59858083950748,14030.891381064372,23101.470944996923,"[(14020.02330228954, 23092.031703676097), (14020.12272657, 23111.52223332785), (14042.902579946443, 23111.406072637066), (14042.80322945147, 23091.915542945266)]","[(14036.993583593518, 23091.94515963737), (14025.02454629069, 23096.873396598734), (14026.510550288018, 23100.45510205347), (14020.079816511483, 23103.11041401606), (14023.56263731164, 23111.50468675606), (14029.993363564136, 23108.849378446117), (14030.914305471466, 23111.05603695102), (14042.875674852228, 23106.1278504543), (14036.993583593518, 23091.94515963737)]"
46.70608817123139,8.598259444916332,14006.81478291261,23197.929794742726,"[(14000.398776038084, 23190.642708683386), (14000.469281845144, 23204.454984599724), (14013.739488317398, 23204.387260389514), (14013.669012971863, 23190.574984458275)]","[(14003.54222136084, 23204.439299315214), (14013.725030370639, 23201.553688070737), (14010.596066399245, 23190.590664537624), (14000.41329693253, 23193.487393000163), (14003.54222136084, 23204.439299315214)]"
46.70487492987042,8.599018035494568,14064.115752323356,23062.818181572482,"[(14057.871141498268, 23054.534648127854), (14057.963025606528, 23072.569498666562), (14069.97221361805, 23072.508326057345), (14069.88036550273, 23054.473475498147)]","[(14057.95430707914, 23070.858243571594), (14066.792186746781, 23072.524522200227), (14069.889080593653, 23056.184730551206), (14061.051177897898, 23054.518447313458), (14057.95430707914, 23070.858243571594)]"
46.71385231796175,8.6088116215504,14817.72529663,24056.623625337146,"[(14811.89580091706, 24049.727618371136), (14811.958220680419, 24062.28425080143), (14824.546297195484, 24062.221687840298), (14824.483903708053, 24049.665055395104)]","[(14818.338891779189, 24049.695592864417), (14811.927231738984, 24056.050382810645), (14818.1032197788, 24062.25370675698), (14824.514824359736, 24055.887811264955), (14818.338891779189, 24049.695592864417)]"
46.71372275100705,8.607409277749733,14710.471773717494,24042.759720836766,"[(14694.925481935788, 24027.11876699701), (14695.095006285992, 24061.088345917873), (14724.60476785805, 24060.941150188446), (14724.43541014829, 24026.971571177244)]","[(14702.86797377863, 24061.049560038373), (14724.570530606958, 24054.073894617148), (14716.463678691187, 24027.01131998282), (14705.97068715241, 24030.319572084583), (14694.98653722083, 24039.353148991242), (14702.86797377863, 24061.049560038373)]"
46.70710617620099,8.599889926814678,14132.026021510304,23310.416216866113,"[(14123.495633700571, 23303.405892227776), (14123.578119316837, 23319.629485711455), (14139.072469065664, 23319.550727644935), (14138.990025227133, 23303.327134138905)]","[(14130.994399404502, 23303.36777097266), (14123.524277655582, 23309.03970169928), (14131.573723575042, 23319.588838924654), (14139.04378310463, 23313.905806020834), (14130.994399404502, 23303.36777097266)]"
46.6951294042847,8.594820622595106,13737.679116128187,21981.534817557782,"[(13731.309696751006, 21974.366339565255), (13731.376960689842, 21987.434082906693), (13744.749247366737, 21987.365266171284), (13744.68201245804, 21974.29752281308)]","[(13731.341326801106, 21980.511290268973), (13736.698350926337, 21987.406694301404), (13744.717573762406, 21981.20920336526), (13739.36061066523, 21974.324904308654), (13731.341326801106, 21980.511290268973)]"
46.70693940675788,8.599480917865623,14100.667117310863,23292.043708495796,"[(14094.549273160868, 23285.817842542194), (14094.616285059834, 23298.985621750355), (14106.510360760964, 23298.925103527494), (14106.443374891416, 23285.757324306294)]","[(14094.577152356796, 23291.29608314112), (14099.32499369065, 23298.96166056674), (14104.872532620619, 23295.533060239628), (14103.053564183705, 23292.597544819117), (14106.46751240053, 23290.502169613726), (14103.538645675872, 23285.77210165374), (14094.577152356796, 23291.29608314112)]"
46.69446263271745,8.594034914753086,13677.224350507662,21907.752438453026,"[(13671.605774158728, 21902.277177104726), (13671.65477088798, 21911.777958731167), (13681.961271638225, 21911.72481559217), (13681.912291175802, 21902.224033957347)]","[(13674.537226957327, 21911.76309422031), (13681.942710612668, 21908.124519377016), (13679.029830555082, 21902.238894914277), (13671.624341332179, 21905.87747328356), (13674.537226957327, 21911.76309422031)]"
46.714185247620165,8.608805760631789,14817.46121797798,24093.62120989524,"[(14810.58409309719, 24087.216058317572), (14810.646461095428, 24099.761579420418), (14823.203887254756, 24099.699165287428), (14823.141545445542, 24087.15364416875)]","[(14817.523938945902, 24087.181562048383), (14810.611437776417, 24092.71653033793), (14816.264055875945, 24099.733655068092), (14823.17660924769, 24094.209805264138), (14817.523938945902, 24087.181562048383)]"
46.70595261757359,8.60008743227932,14146.472107929992,23182.15549549181,"[(14140.95658734854, 23175.847534671426), (14141.022479044623, 23188.815294797532), (14152.442834976187, 23188.757276542485), (14152.376967892342, 23175.78951640334)]","[(14141.0076294053, 23185.892826125026), (14148.498455014545, 23188.777312525548), (14152.391755521297, 23178.700872984715), (14144.90097580792, 23175.827493783087), (14141.0076294053, 23185.892826125026)]"
46.699292028067646,8.600401795639119,14166.745637735119,22441.905981726013,"[(14161.771966626344, 22434.98290890362), (14161.828997967532, 22446.21717645228), (14171.224814073124, 22446.16948540043), (14171.167800270196, 22434.935217840597)]","[(14167.654556853871, 22446.187605496496), (14171.218103244668, 22444.847153203562), (14167.48285981646, 22434.95391999092), (14161.782684675243, 22437.094195568934), (14164.8670059063, 22445.268319588155), (14167.00362705969, 22444.468499545008), (14167.654556853871, 22446.187605496496)]"
46.70620142131584,8.597738761535274,13967.077343133162,23210.71745929867,"[(13958.226944901806, 23205.99313059915), (13958.286187752674, 23217.582997082733), (13974.644586832903, 23217.49940153025), (13974.585375490715, 23205.90953502711)]","[(13960.369632398011, 23213.91638822388), (13964.046373077086, 23212.38631851226), (13966.213131602854, 23217.54248284269), (13974.626931282924, 23214.043554449454), (13971.39223135024, 23206.337005799636), (13966.243235619273, 23208.474660686217), (13965.183099962189, 23205.957577514462), (13958.241542603355, 23208.848927019164), (13960.369632398011, 23213.91638822388)]"
46.70623724557708,8.600407427174142,14171.093566708034,23213.65927840676,"[(14165.298774140829, 23209.47205728572), (14165.359367189056, 23221.40639758855), (14177.230663290946, 23221.346136285923), (14177.170093788183, 23209.41179596912)]","[(14165.332737828663, 23216.16151057463), (14171.390566559217, 23221.37577897031), (14177.196656378044, 23214.64557088446), (14171.138882452506, 23209.44240874052), (14165.332737828663, 23216.16151057463)]"
46.70465605172977,8.598424840867947,14018.646056762373,23038.727493993938,"[(14007.99837893981, 23033.575499301776), (14008.145756556536, 23062.455705813132), (14030.421271524217, 23062.342073365115), (14030.274000817211, 23033.461866793223)]","[(14030.34755109466, 23047.88530184701), (14029.349035048508, 23033.466583591886), (14008.00529699761, 23034.93116883468), (14009.90394750965, 23062.446733885445), (14018.210589866852, 23061.870960524306), (14017.310581091966, 23048.78522134386), (14030.34755109466, 23047.88530184701)]"
46.7056668447649,8.598995826801271,14062.866321178037,23150.8247823203,"[(14057.981139135256, 23145.144067316316), (14058.04879422934, 23158.42296404019), (14068.215562003024, 23158.371173573658), (14068.147929345083, 23145.092276838608)]","[(14060.125245605945, 23151.86721913889), (14063.323282772326, 23158.39609315805), (14068.20362015994, 23156.026531537063), (14062.881073363125, 23145.119104498997), (14057.993084920337, 23147.488709311932), (14060.125245605945, 23151.86721913889)]"
46.70697338848592,8.599677820261096,14115.737571975507,23295.743212120607,"[(14106.17639932863, 23285.869805818424), (14106.278829304734, 23306.004840488546), (14126.772389387595, 23305.900621384382), (14126.67002799065, 23285.765586676076)]","[(14114.129215799796, 23305.9649094427), (14126.729569295538, 23297.47768736072), (14118.819615216169, 23285.805501240306), (14106.219191505224, 23294.2816276215), (14114.129215799796, 23305.9649094427)]"
46.7064580945012,8.599038993039592,14066.613883872225,23238.732026378624,"[(14058.46939878905, 23228.97304648813), (14058.54871745198, 23244.541027070023), (14073.867447547556, 23244.462997745723), (14073.788168518746, 23228.895017141476)]","[(14059.375755532354, 23237.324906359427), (14060.793204175774, 23228.96120719146), (14073.799655761279, 23231.150763059035), (14071.543648170482, 23244.474832018837), (14058.537224443688, 23242.285281109624), (14059.375755532354, 23237.324906359427)]"
46.70499632931538,8.599465284491611,14098.373480218288,23076.13408935163,"[(14090.56018644548, 23069.76988730952), (14090.629690864764, 23083.42659207899), (14105.291422553884, 23083.351990463212), (14105.221951410058, 23069.695285675116)]","[(14093.244035095675, 23083.41328719165), (14105.276556056342, 23080.42952228617), (14102.599956944061, 23069.708624219522), (14090.575060039992, 23072.69235543348), (14093.244035095675, 23083.41328719165)]"
46.70466725826211,8.599092036288432,14069.655075733841,23039.71280543413,"[(14065.945232282102, 23033.813464307226), (14066.012980621366, 23047.11458280962), (14078.083373981586, 23047.053115131333), (14078.015652323025, 23033.751996613108)]","[(14066.000189362385, 23044.60326049663), (14075.07150888606, 23047.06845058594), (14078.028438523936, 23036.263318885118), (14068.957104032743, 23033.798124313354), (14066.000189362385, 23044.60326049663)]"
46.70638682204541,8.600737595758817,14196.41633723618,23230.152225027792,"[(14187.800275775313, 23225.38184156362), (14187.847575934196, 23234.704850657843), (14197.930128855689, 23234.6537053762), (14197.882844318927, 23225.330696273595)]","[(14187.835736794048, 23232.371320358478), (14195.88151309843, 23234.664095922373), (14197.89473589469, 23227.675338597037), (14189.856538805761, 23225.371409500018), (14187.835736794048, 23232.371320358478)]"
46.69451762320456,8.595709700820859,13805.306138966174,21913.204104085453,"[(13793.301000967273, 21883.25992309209), (13793.572993476584, 21936.208724496886), (13818.38342086313, 21936.081326531246), (13818.111646589125, 21883.132525004447)]","[(13801.516917678236, 21936.167922462337), (13818.36568274931, 21932.62548646517), (13807.935076682945, 21883.184767442755), (13800.259143753676, 21884.802133169025), (13802.547413649212, 21895.63600423839), (13793.374464418972, 21897.56109944824), (13801.516917678236, 21936.167922462337)]"
46.69119829234072,8.593010636762891,13597.03534002538,21545.422527546994,"[(13578.983055145887, 21538.760428580455), (13579.107881187112, 21562.89573378116), (13603.147583430284, 21562.771449967287), (13603.022853764589, 21538.636144711636)]","[(13584.192614640575, 21562.869438009337), (13593.76718270441, 21560.152978784405), (13591.314101514872, 21551.553615523502), (13603.072412505106, 21548.225816993974), (13600.346667528967, 21538.64997563511), (13579.013744379452, 21544.694246625528), (13584.192614640575, 21562.869438009337)]"
46.71363885276714,8.607695215033804,14732.279661841167,24033.327927266248,"[(14725.658024027478, 24025.376411317848), (14725.74106504867, 24042.033394675702), (14741.401694829343, 24041.955341122113), (14741.318697171984, 24025.298357740045)]","[(14728.974079394015, 24042.017277791165), (14741.38724358799, 24039.05509248376), (14738.085673870984, 24025.314467949793), (14725.672538187064, 24028.2877719542), (14728.974079394015, 24042.017277791165)]"
46.70609033066572,8.599815759918116,14125.78284500487,23197.5637790272,"[(14115.615383476485, 23187.844325706363), (14115.697096195188, 23203.912347551435), (14132.04024224088, 23203.82925780583), (14131.958573164418, 23187.761235936545)]","[(14115.644542349444, 23193.5781425843), (14121.208512609242, 23203.884322148748), (14132.011098896444, 23198.09544082731), (14126.454786175978, 23187.7892125668), (14115.644542349444, 23193.5781425843)]"
46.70660295633564,8.600716093174794,14194.894481567084,23254.177510747686,"[(14186.98967540136, 23247.921769843437), (14187.05163563491, 23260.13391213212), (14202.767815483036, 23260.05419406295), (14202.705887146818, 23247.84205175843)]","[(14187.03917592467, 23257.67814919632), (14194.053591245261, 23260.09839064628), (14194.88996317907, 23257.704996100627), (14199.637789681146, 23259.358877935447), (14202.719354718982, 23250.497831547633), (14195.145900073869, 23247.88039351534), (14194.460153395077, 23249.828530529514), (14190.279050322133, 23248.382912011817), (14187.03917592467, 23257.67814919632)]"
46.706740330139645,8.599594338720367,14109.224502302415,23269.87810872309,"[(14103.079888575245, 23264.716556454077), (14103.14693789417, 23277.895447285846), (14116.592794164608, 23277.827054701746), (14116.525774295791, 23264.648163854145)]","[(14103.104876585887, 23269.628082347102), (14107.786866690614, 23277.871842810884), (14116.567873607739, 23272.926640788093), (14111.893479383958, 23264.671722664498), (14103.104876585887, 23269.628082347102)]"
46.70579449682864,8.598828559430709,14050.15236483165,23165.074688689783,"[(14045.343424391991, 23161.34358095564), (14045.39366296638, 23171.199967270717), (14055.170556572382, 23171.15014178306), (14055.120334012841, 23161.293755457737)]","[(14049.506226499274, 23171.179006686434), (14046.194879323186, 23166.417578811757), (14045.363191308163, 23165.22168558836), (14051.00776374113, 23161.3147121761), (14055.150739319099, 23167.260925063863), (14049.506226499274, 23171.179006686434)]"
46.70547122686988,8.598769299956688,14045.439371223329,23129.175864988938,"[(14038.797817844956, 23123.4616570808), (14038.867044363637, 23137.04057860002), (14051.709323162271, 23136.97512118891), (14051.640125624195, 23123.396199652925)]","[(14050.229005115863, 23133.004448806867), (14049.497424447036, 23131.95250523649), (14051.6759701579, 23130.430125420913), (14046.740173666098, 23123.42117154505), (14038.825859666627, 23128.962120345794), (14044.500829763303, 23137.01185968332), (14050.229005115863, 23133.004448806867)]"
46.6942436752543,8.596109154761727,13835.691308027308,21882.606188383885,"[(13828.663345709094, 21875.72202076018), (13828.724979723338, 21887.734119817615), (13843.970708304318, 21887.655913303606), (13843.909104712715, 21875.643814230338)]","[(13830.689950757718, 21887.72403787356), (13840.9389900174, 21885.404549374245), (13839.882925457146, 21880.75390499551), (13843.930646011548, 21879.844159672037), (13842.976315043867, 21875.648598074913), (13828.679538168362, 21878.87783584837), (13830.689950757718, 21887.72403787356)]"
46.70546657127481,8.599226920656733,14080.418286634958,23128.48033425398,"[(14072.01404273673, 23122.192288556136), (14072.08721208456, 23136.560165447183), (14087.505591703171, 23136.481666016392), (14087.432459170872, 23122.113789105788)]","[(14076.627875192498, 23136.5370435128), (14087.477254949219, 23130.914530375972), (14082.899429448473, 23122.13686392177), (14072.042393718264, 23127.759424111806), (14076.627875192498, 23136.5370435128)]"
46.70496913071208,8.598601576924853,14032.333753074112,23073.448068927974,"[(14024.798431537405, 23069.027037621476), (14024.871995764843, 23083.450473473407), (14039.105648345605, 23083.377893960103), (14039.032118235715, 23068.954458088614)]","[(14027.364031607285, 23083.437763781287), (14039.093298901571, 23080.955467880704), (14036.540076417092, 23068.967162922025), (14024.81078668934, 23071.449463650584), (14027.364031607285, 23083.437763781287)]"
46.707152213582894,8.59978629212696,14124.130202724482,23315.572184901685,"[(14117.332642049878, 23309.07118500676), (14117.410115169885, 23324.305806124583), (14131.597333184502, 23324.23367604334), (14131.519895986014, 23308.999054905027)]","[(14131.573723575042, 23319.588838924654), (14123.524277655582, 23309.03970169928), (14117.356319082435, 23313.72713409085), (14125.405713251326, 23324.26515111234), (14131.573723575042, 23319.588838924654)]"
46.7062254540003,8.600681809774473,14192.06104277575,23212.242559517734,"[(14184.140896175988, 23204.731465735473), (14184.22096038441, 23220.51057484653), (14200.449398906261, 23220.428252500482), (14200.369377254741, 23204.64914336428)]","[(14184.190908092482, 23214.58785285987), (14195.006794933986, 23220.455856435932), (14200.399357175338, 23210.560753220692), (14189.591158542142, 23204.703813254833), (14184.190908092482, 23214.58785285987)]"
46.70674100535429,8.601294499576465,14239.185933981906,23269.293480971828,"[(14226.011095969006, 23260.99204291776), (14226.095950513089, 23277.737901830114), (14251.007856543583, 23277.611719740555), (14250.923071331403, 23260.865860790946)]","[(14226.048652665399, 23268.403780019842), (14246.559028889926, 23277.634246074595), (14250.958853253047, 23267.933124367148), (14243.39679086511, 23264.537704841234), (14242.368680463871, 23266.809827868827), (14229.412700456742, 23260.974807306193), (14226.048652665399, 23268.403780019842)]"
46.707765754620056,8.598727071215828,14043.511047139706,23384.16137363203,"[(14031.332536198082, 23374.44965176005), (14031.440659671556, 23395.651446045376), (14055.144347320776, 23395.530610087328), (14055.036307373608, 23374.328815756366)]","[(14031.366990601004, 23381.20577900298), (14049.79362775659, 23395.557878665626), (14055.109976084495, 23388.785594728775), (14036.68327460793, 23374.422366850078), (14031.366990601004, 23381.20577900298)]"
46.71441923806363,8.60879775434147,14816.978531558183,24119.62542143464,"[(14810.117704657605, 24113.32126240339), (14810.17847209057, 24125.544534127228), (14822.414840392245, 24125.483713976108), (14822.354097823496, 24113.26044223737)]","[(14814.64959979459, 24125.522307763807), (14822.392973054724, 24121.083336124197), (14817.882961031224, 24113.282662835903), (14810.139580920688, 24117.72164019663), (14814.64959979459, 24125.522307763807)]"
46.71439131562181,8.608888708374085,14823.914694520994,24116.4881139379,"[(14817.861035234237, 24108.87117300369), (14817.92184207699, 24121.105556718074), (14830.150576379325, 24121.04479032848), (14830.089794407773, 24108.810406601988)]","[(14822.392973054724, 24121.083336124197), (14830.12865952478, 24116.633300437592), (14825.618654333404, 24108.832621433772), (14817.882961031224, 24113.282662835903), (14822.392973054724, 24121.083336124197)]"
46.70540166446978,8.598532405874268,14027.291236111138,23121.538385539316,"[(14021.019281106885, 23116.440424728207), (14021.079421637696, 23128.23030650057), (14032.606912733987, 23128.171515421942), (14032.54679478932, 23116.381633637473)]","[(14021.035662447393, 23119.65180626232), (14024.481101701269, 23128.212955377065), (14032.590537524607, 23124.9601338394), (14029.145108058176, 23116.398980169557), (14021.035662447393, 23119.65180626232)]"
46.70598918339807,8.599146612869577,14074.575099078414,23186.584499454126,"[(14066.074970574118, 23182.351385494694), (14066.141816189338, 23195.474714329466), (14077.065291078587, 23195.419083856978), (14076.998469287297, 23182.295755008236)]","[(14073.061729022127, 23182.31580149755), (14066.58502848039, 23184.937961827032), (14067.88560280262, 23188.142802618444), (14066.108138661424, 23188.86304566171), (14068.786688344786, 23195.46124285087), (14076.346639961936, 23192.400187671185), (14077.04848660226, 23192.118805535138), (14073.061729022127, 23182.31580149755)]"
46.71390695549747,8.60874740722105,14812.847549401107,24062.71937823668,"[(14805.4765046112, 24056.082453215495), (14805.538937898586, 24068.639085764997), (14818.134644200909, 24068.57647132594), (14818.0722372054, 24056.0198387634)]","[(14811.927231738984, 24056.050382810645), (14805.507997493725, 24062.416329781525), (14811.68393053452, 24068.608535134234), (14818.1032197788, 24062.25370675698), (14811.927231738984, 24056.050382810645)]"
46.71462557436384,8.60885454826754,14821.433213312586,24142.532072816975,"[(14813.54983211623, 24134.917701775208), (14813.62230327999, 24149.49673185032), (14830.452019490069, 24149.41309616249), (14830.37958911527, 24134.83406606503)]","[(14817.73419579392, 24149.476293352433), (14830.421269685146, 24143.223675568588), (14826.275329572265, 24134.854457898997), (14813.580599199224, 24141.10712227598), (14817.73419579392, 24149.476293352433)]"
46.705730737331024,8.598905655744542,14056.009644227335,23157.95967162773,"[(14052.419897443324, 23151.906479606405), (14052.472106171772, 23162.151787450537), (14063.342132394842, 23162.09640501719), (14063.289942174335, 23151.851097162813)]","[(14063.323282772326, 23158.39609315805), (14060.125245605945, 23151.86721913889), (14052.438753731898, 23155.606791422702), (14055.636797349493, 23162.135661424138), (14063.323282772326, 23158.39609315805)]"
46.71070426386346,8.604348813932779,14474.872694689257,23708.514884149656,"[(14467.576081188628, 23700.221327045), (14467.647034278489, 23714.33364023082), (14481.733963718754, 23714.26283118315), (14481.663043672917, 23700.150517978705)]","[(14467.615915463946, 23708.144224094227), (14475.152929398464, 23714.295907159336), (14481.694147958071, 23706.33993404638), (14474.15713094169, 23700.188242849894), (14467.615915463946, 23708.144224094227)]"
46.70577517778264,8.598958922282034,14060.106596292171,23162.87717023678,"[(14049.429491308925, 23156.12218210101), (14049.532616648998, 23176.357220979407), (14071.081513742334, 23176.247438147664), (14070.978460868238, 23156.01239922736)]","[(14049.506226499274, 23171.179006686434), (14053.293545120512, 23176.338055025786), (14059.675463733205, 23171.616131792776), (14058.890098358039, 23169.008734022267), (14070.297937328054, 23163.483354710974), (14071.008680624363, 23161.946232649498), (14068.20362015994, 23156.026531537063), (14063.323282772326, 23158.39609315805), (14055.636797349493, 23162.135661424138), (14057.542064924783, 23165.492991579697), (14055.150739319099, 23167.260925063863), (14049.506226499274, 23171.179006686434)]"
46.6987378901194,8.602691265627296,14341.467063016025,22379.444108585827,"[(14335.37613403512, 22376.375611591153), (14335.504915153782, 22401.888842701912), (14352.423622626637, 22401.803467098624), (14352.294913226564, 22376.29023594968)]","[(14342.66077154217, 22401.85272683669), (14352.405964295729, 22398.303176177666), (14348.049287083559, 22386.412752131), (14346.027018883498, 22387.156368813477), (14342.073310069914, 22376.341810576618), (14335.388249311072, 22378.775810990483), (14339.341912560514, 22389.57925289031), (14338.304077478533, 22389.96230970137), (14342.66077154217, 22401.85272683669)]"
46.7063563612526,8.599311442899461,14087.38263796951,23227.321332338266,"[(14080.489301556896, 23220.815563934855), (14080.556512572686, 23234.016677925363), (14095.431911978987, 23233.94096091017), (14095.364733598835, 23220.739846901037)]","[(14082.573986025236, 23221.882847184315), (14080.495807667961, 23222.09344953671), (14081.67254973203, 23234.01099592913), (14095.42540901556, 23232.66307528317), (14094.248693989706, 23220.74552634824), (14093.21724851901, 23220.85078651551), (14082.573986025236, 23221.882847184315)]"
46.70677839792848,8.597620371491859,13958.35519481072,23274.877635846846,"[(13952.342467795592, 23267.618909284472), (13952.414165062713, 23281.642315745354), (13964.094243472675, 23281.58261045348), (13964.022573427472, 23267.559203975834)]","[(13954.447477141104, 23281.631920393556), (13964.086747074209, 23280.11581990216), (13962.364690001996, 23269.23452816438), (13957.315894969914, 23270.02708620485), (13956.928896707308, 23267.59546208754), (13952.346046974184, 23268.31896839477), (13954.447477141104, 23281.631920393556)]"
46.70595746172688,8.598727439474871,14042.514885773708,23183.222824136727,"[(14036.252725970524, 23177.536148709245), (14036.319013307511, 23190.53724487871), (14049.528096949041, 23190.469911530614), (14049.461838152492, 23177.46881534625)]","[(14044.100753552804, 23190.49757392239), (14049.49768584437, 23184.502741711214), (14041.68772525189, 23177.508440324105), (14036.283150142524, 23183.50331845507), (14044.100753552804, 23190.49757392239)]"
46.707078182671566,8.5991046368518,14071.982671478123,23307.610974310897,"[(14064.572161169024, 23301.516634318978), (14064.639295606, 23314.695525863208), (14078.803604880697, 23314.62338822242), (14078.736501467763, 23301.444496661425)]","[(14064.606577457453, 23308.27276081033), (14069.164536343538, 23314.672475566156), (14078.769147884042, 23307.856149604544), (14074.211250814318, 23301.467539713718), (14064.606577457453, 23308.27276081033)]"
46.70699977973851,8.600620011931793,14187.77369089512,23298.30998325348,"[(14182.234506998328, 23293.02864421718), (14182.290049490985, 23303.974013633095), (14194.168826545938, 23303.91374622099), (14194.11330566177, 23292.9683767939)]","[(14182.279617645312, 23301.918284336105), (14192.341910382907, 23303.92301362101), (14194.123733435117, 23295.024106062017), (14184.061426483036, 23293.019373763353), (14182.279617645312, 23301.918284336105)]"
46.7064249096354,8.598763642272148,14045.547043525497,23235.15175589826,"[(14039.133743187704, 23229.838343657553), (14039.198949015874, 23242.628311967477), (14051.031983980152, 23242.567996354774), (14050.966803304385, 23229.77802803181)]","[(14051.031530942826, 23242.47909996286), (14050.875074156153, 23229.778495506383), (14039.134196398954, 23229.927240047604), (14039.290677969286, 23242.62784431409), (14051.031530942826, 23242.47909996286)]"
46.70607585295821,8.598586127328922,14031.779852080916,23196.433588854037,"[(14027.139867914724, 23190.87297344301), (14027.194273899018, 23201.540539724752), (14036.93289768364, 23201.490879310295), (14036.878508964495, 23190.82331301924)]","[(14027.683498327504, 23201.538044634275), (14036.930461520387, 23201.013061232865), (14036.392909637885, 23191.536978438497), (14034.467095195781, 23191.646808719262), (14034.417094192817, 23190.835863065906), (14029.67897083686, 23191.104495649226), (14029.728915808897, 23191.90432921704), (14027.145875237882, 23192.050850545056), (14027.683498327504, 23201.538044634275)]"
46.70608812286775,8.599148740132135,14074.793695057277,23197.577872952446,"[(14068.77129422786, 23192.438765737228), (14068.836775868898, 23205.29540562257), (14079.332161813334, 23205.24195946008), (14079.266702597437, 23192.38531956263)]","[(14076.346639961936, 23192.400187671185), (14068.786688344786, 23195.46124285087), (14072.865230633004, 23205.27488916181), (14078.86888100917, 23202.83294124715), (14077.808452216617, 23200.24916617293), (14079.303647152381, 23199.64148707781), (14076.346639961936, 23192.400187671185)]"
46.70626641628547,8.599309508743207,14087.183914044814,23217.32735633664,"[(14081.719867149193, 23213.27513462305), (14081.763710838684, 23221.886972321197), (14093.222225039906, 23221.828646802343), (14093.178397750133, 23213.216809094884)]","[(14093.21724851901, 23220.85078651551), (14092.352833170036, 23213.221010605805), (14081.725694113702, 23214.419675626792), (14082.573986025236, 23221.882847184315), (14093.21724851901, 23220.85078651551)]"
46.691497090385184,8.593709965204214,13650.678982721642,21578.34886653535,"[(13645.849902422982, 21572.57422665134), (13645.913959804806, 21584.986352469772), (13655.502278646338, 21584.93687598128), (13655.438241033175, 21572.52475015167)]","[(13647.328504449979, 21584.97905234527), (13655.497061611677, 21583.92568219453), (13654.023693470634, 21572.53204835672), (13645.855063711642, 21573.57430839911), (13647.328504449979, 21584.97905234527)]"
46.70621723822541,8.598837646172521,14051.086364981136,23212.046376189217,"[(14047.692615011649, 23208.30345462449), (14047.739509000618, 23217.504230801947), (14057.776227138995, 23217.45308456663), (14057.729348497116, 23208.25230838079)]","[(14049.413569374941, 23217.495698773302), (14057.766489058326, 23215.54181220848), (14056.055285561713, 23208.26083808299), (14047.702299634519, 23210.203614911065), (14049.413569374941, 23217.495698773302)]"
46.70647237001833,8.601171011132504,14229.595180840639,23239.490408251062,"[(14219.24433655676, 23230.511864001863), (14219.335066287313, 23248.413375230506), (14238.705142332823, 23248.31523346156), (14238.614470230474, 23230.41372220125)]","[(14219.306681541028, 23242.812902390026), (14233.973462348687, 23248.339201563038), (14238.642893178738, 23236.025306994095), (14223.983674705785, 23230.487845645286), (14219.306681541028, 23242.812902390026)]"
46.710559618136784,8.60617674787089,14614.510134423443,23691.74109278526,"[(14605.363453163533, 23683.872864862904), (14605.459387011302, 23703.041164116003), (14624.76684600435, 23702.944564643316), (14624.670973672066, 23683.77626535669)]","[(14605.41139224614, 23693.451458387077), (14615.930970071408, 23702.988764788955), (14624.7188820148, 23693.354858898558), (14614.199357240053, 23683.828649323434), (14605.41139224614, 23693.451458387077)]"
46.707020009269925,8.598632574061432,14035.865247154376,23301.330598148517,"[(14028.06329164916, 23295.490926780738), (14028.135039770335, 23309.5587821668), (14043.400096731668, 23309.480947424658), (14043.328384300752, 23295.413092019968)]","[(14028.09718213306, 23302.135932683013), (14032.828452373971, 23309.534846879542), (14043.366223068559, 23302.8359414367), (14038.634960718977, 23295.437019065022), (14028.09718213306, 23302.135932683013)]"
46.70718938946974,8.599669388488994,14115.215113708342,23319.748627809808,"[(14109.504572794773, 23315.000537444837), (14109.565448091249, 23326.96821581293), (14121.207217272662, 23326.90900950879), (14121.146365131717, 23314.94133112859)]","[(14109.527521129581, 23319.512029912323), (14115.168479481596, 23326.9397177808), (14121.184277641296, 23322.39751698263), (14115.543322593672, 23314.969823542982), (14109.527521129581, 23319.512029912323)]"
46.69323445794441,8.595381480735561,13779.478433897777,21770.74738195073,"[(13771.259816241043, 21764.704746820033), (13771.33224402729, 21778.79479203932), (13785.194333959895, 21778.72355191037), (13785.121938619239, 21764.633506672457)]","[(13771.282207149197, 21769.060659819283), (13775.958037963079, 21778.7710155854), (13785.171953049663, 21774.367638837546), (13780.496133852343, 21764.657276035286), (13771.282207149197, 21769.060659819283)]"
46.70715971286806,8.59816476328114,14000.185014981776,23317.036970654503,"[(13994.408673551749, 23311.01991769299), (13994.470742190199, 23323.176500701346), (14006.57880233787, 23323.114691937342), (14006.516758162528, 23310.958108914085)]","[(13994.428644435888, 23314.931359366514), (13998.468542351096, 23323.15609018877), (14006.55883930024, 23319.203250207007), (14002.518949921476, 23310.978514042683), (13994.428644435888, 23314.931359366514)]"
46.69344807183908,8.595608329426932,13796.945087854401,21794.395098147914,"[(13788.686724899104, 21787.284317201935), (13788.768132320256, 21803.130062675104), (13804.044659269333, 21803.05159890279), (13803.963292060187, 21787.20585340634)]","[(13795.970578957233, 21803.09306441527), (13804.015387593361, 21797.351130807772), (13796.76082645898, 21787.242842018604), (13788.716010996839, 21792.984785200097), (13795.970578957233, 21803.09306441527)]"
46.70751803426999,8.603613008207404,14416.84855701396,23354.742276495323,"[(14412.073268368782, 23349.250799471512), (14412.13634078385, 23361.774081422016), (14421.76004353672, 23361.725620134734), (14421.696991152072, 23349.202338173985)]","[(14412.331543428823, 23356.516964632086), (14413.097055951075, 23356.73535593599), (14412.127834115818, 23360.085049591027), (14417.938080567925, 23361.744864235632), (14418.899661417527, 23358.395210011862), (14419.611554044124, 23358.591647467576), (14421.707621093257, 23351.313627927564), (14414.4276024563, 23349.23894254584), (14412.331543428823, 23356.516964632086)]"
46.69405532120807,8.596052816687038,13831.276424951677,21861.698338238522,"[(13822.381499899027, 21858.463490203954), (13822.443146111968, 21870.475588926114), (13836.251503627282, 21870.404740069993), (13836.18988496851, 21858.39264133293)]","[(13824.78276814823, 21870.46358240582), (13834.044611000281, 21867.971351420507), (13833.350849820185, 21865.385740599595), (13836.221805814013, 21864.615375155583), (13834.538383763225, 21858.40111328382), (13822.397923671058, 21861.663753301837), (13824.78276814823, 21870.46358240582)]"
46.70561761497569,8.599413257220291,14094.747682197136,23145.19187992625,"[(14085.051241311128, 23134.882870582864), (14085.153906785243, 23155.051236573607), (14105.28106017888, 23154.94881439861), (14105.178462166048, 23134.780448369682)]","[(14092.178917783254, 23155.015480357222), (14105.2479913641, 23148.448266599327), (14098.780253329722, 23134.812999897636), (14085.085972186178, 23141.705667600967), (14092.178917783254, 23155.015480357222)]"
46.70718452016588,8.599263860977931,14084.213913221436,23319.36527683772,"[(14073.00221860886, 23313.23055083491), (14073.086934468884, 23329.86529035773), (14095.116851451457, 23329.75313862972), (14095.032196496672, 23313.11839907244)]","[(14073.050886345038, 23322.786914168857), (14078.078445842431, 23329.839872091077), (14086.578625795373, 23323.807045713067), (14090.004741824523, 23328.612361053936), (14095.09270469268, 23325.008293033578), (14086.639095963736, 23313.161117748357), (14073.050886345038, 23322.786914168857)]"
46.706678300228255,8.599501458288577,14102.089611764706,23263.02143247798,"[(14099.192287976271, 23257.857799683698), (14099.2522780266, 23269.647684170865), (14111.918460200308, 23269.58324856125), (14111.85849496827, 23257.79336406011)]","[(14099.217279105971, 23262.769325522706), (14103.104876585887, 23269.628082347102), (14111.893479383958, 23264.671722664498), (14108.00588885689, 23257.812960244715), (14099.217279105971, 23262.769325522706)]"
46.707267145235306,8.599984937272678,14139.379509998194,23328.266266666353,"[(14126.786596523772, 23320.72440745309), (14126.86647511844, 23336.43684704881), (14152.802430591255, 23336.305050088093), (14152.722619725275, 23320.59261045698)]","[(14140.52714134258, 23332.033602951095), (14143.674526343646, 23336.151399903), (14145.66192181682, 23334.630024374463), (14146.700800601102, 23335.99156379793), (14152.777369733376, 23331.371299554594), (14146.221014233539, 23322.803656763397), (14139.367805543065, 23328.02794035524), (14133.750262045534, 23320.6890097782), (14126.813316853135, 23325.98040736001), (14134.793261385057, 23336.396554182284), (14140.52714134258, 23332.033602951095)]"
46.70732715185266,8.598508393187602,14026.546932447876,23335.508844373748,"[(14019.588774734933, 23329.02674502507), (14019.66541871673, 23344.050237505697), (14033.432173933543, 23343.980020577088), (14033.355564325757, 23328.956528077833)]","[(14026.858376326447, 23344.0135461092), (14033.409451687243, 23339.524088223465), (14029.705223382683, 23334.15349367354), (14031.106839159154, 23333.190684487112), (14028.203528685728, 23328.98280213587), (14026.801912377181, 23329.945611989126), (14026.15505813621, 23329.01547471527), (14019.61156382988, 23333.49378934875), (14026.858376326447, 23344.0135461092)]"
46.70735807624531,8.599006029109345,14064.603535986389,23338.751282017678,"[(14055.649400576833, 23331.13202793803), (14055.732409579563, 23347.4222943224), (14072.610242817202, 23347.336314870045), (14072.527279509872, 23331.04604846053)]","[(14055.688753387192, 23338.85490314942), (14062.008089417068, 23347.39031907823), (14072.570911619696, 23339.61343954131), (14066.251582675322, 23331.07801265549), (14055.688753387192, 23338.85490314942)]"
46.71413947037648,8.608883247226153,14823.358236256347,24088.50498088263,"[(14817.49665586371, 24081.69220213499), (14817.559009337507, 24094.237723139115), (14830.116446964035, 24094.175323486328), (14830.05411967932, 24081.629802468233)]","[(14824.436508049665, 24081.657713868655), (14817.523938945902, 24087.181562048383), (14823.17660924769, 24094.209805264138), (14830.08912010648, 24088.674851441756), (14824.436508049665, 24081.657713868655)]"
46.71437117196697,8.60822119568736,14772.885793339985,24114.503469701856,"[(14758.078168884676, 24100.056481011212), (14758.246123065474, 24133.781598599628), (14785.638431403437, 24133.645244418643), (14785.470630796277, 24099.92012674641)]","[(14769.64175133052, 24133.72485797666), (14778.328150291345, 24129.881201044656), (14776.434390709328, 24125.62348734867), (14785.578387991758, 24121.57754147984), (14775.955113188014, 24099.96747897379), (14758.117072199471, 24107.86826261971), (14769.64175133052, 24133.72485797666)]"
46.70765076812825,8.596762860363883,13893.303288531199,23372.151271854527,"[(13886.263614982658, 23365.701271329075), (13886.342756314669, 23381.14702242147), (13900.32345736539, 23381.075403911993), (13900.244351923233, 23365.629652799107)]","[(13890.783864738303, 23381.124268570915), (13900.305359845283, 23377.541771609336), (13895.803232094797, 23365.652399615385), (13886.281720681349, 23369.23490356095), (13890.783864738303, 23381.124268570915)]"
46.70643632301488,8.60029401037832,14162.536182402808,23235.824876345694,"[(14156.439728531928, 23230.6860418329), (14156.48487639823, 23239.57568105962), (14171.658380435198, 23239.498638371006), (14171.613254986238, 23230.608999131247)]","[(14156.451805580291, 23233.064020313323), (14157.593268380093, 23239.570051960647), (14171.646309371747, 23237.120659862645), (14170.504861365422, 23230.614625639282), (14156.451805580291, 23233.064020313323)]"
46.69845960675737,8.595558824299076,13796.020656302222,22351.29772002157,"[(13791.29693845706, 22344.44270747807), (13791.35631534271, 22355.99922197312), (13801.56266687502, 22355.946790776215), (13801.503309586435, 22344.39027627185)]","[(13791.345067982445, 22353.810151422396), (13798.779811475077, 22355.961084907874), (13801.514553218789, 22346.57934679091), (13794.07979919843, 22344.428409912623), (13791.345067982445, 22353.810151422396)]"
46.7124903525454,8.606519344091614,14641.76900931372,23906.154486176558,"[(14633.441838476167, 23898.489430373535), (14633.52435357077, 23914.99084139522), (14648.81079727289, 23914.91442105733), (14648.728324109106, 23898.41301001236)]","[(14641.396872074693, 23914.95148007013), (14648.785361083515, 23909.82509693317), (14640.86342724826, 23898.452323436737), (14633.467231988616, 23903.567642338574), (14641.396872074693, 23914.95148007013)]"
46.71415691336938,8.608059593845237,14760.41605785134,24090.75640777219,"[(14754.180585736467, 24081.72941870056), (14754.250875032158, 24095.84174075164), (14769.941936370044, 24095.763608607464), (14769.871683885576, 24081.651286534965)]","[(14758.225230556447, 24095.82194695715), (14769.91615866957, 24090.58538645692), (14765.897319033218, 24081.67107259389), (14754.206376909628, 24086.90764077287), (14758.225230556447, 24095.82194695715)]"
46.70642499341461,8.596985040734586,13909.589209493424,23235.855597688816,"[(13901.404836905771, 23229.519753625616), (13901.484618840099, 23245.09884602204), (13915.794331157347, 23245.025581628084), (13915.714586272894, 23229.446489212103)]","[(13901.468742106517, 23241.998584380373), (13912.14046230528, 23245.044285861775), (13915.730455603858, 23232.546750795096), (13905.058715214662, 23229.50104291737), (13901.468742106517, 23241.998584380373)]"
46.707351364188966,8.600549111825746,14182.55233376124,23337.40572435502,"[(14171.415221567731, 23328.631921749562), (14171.51309112471, 23347.911329976283), (14192.992576369492, 23347.802330182865), (14192.894775637484, 23328.52292191703)]","[(14171.449856640946, 23335.454720905982), (14175.63090100349, 23339.911769665778), (14176.505838658952, 23339.096128208563), (14184.714184008364, 23347.844330630265), (14192.953794258763, 23340.15723911207), (14185.014511840709, 23331.707693403587), (14183.257044730126, 23333.3501247745), (14178.79929602251, 23328.594441982917), (14171.449856640946, 23335.454720905982)]"
46.70627075301819,8.599767329634886,14122.182702752529,23217.631219915114,"[(14114.044322492031, 23209.610268824734), (14114.131295662373, 23226.711711756885), (14130.10746304039, 23226.630482531153), (14130.020535276446, 23209.529039573856)]","[(14119.107604254561, 23226.68640566524), (14130.085999374336, 23222.407903981395), (14125.04421253578, 23209.554336576723), (14114.06574081548, 23213.821735235862), (14119.107604254561, 23226.68640566524)]"
46.71392386133486,8.607976064967078,14753.902962144348,24064.891309764236,"[(14747.488799696206, 24057.915670443326), (14747.564529236639, 24073.116974259727), (14762.139768961293, 24073.044381208718), (14762.064076252747, 24057.843077370897)]","[(14751.783476443845, 24073.095957851037), (14762.120790437097, 24069.232943151146), (14757.837475340406, 24057.864124584943), (14747.507787423034, 24061.727108427323), (14751.783476443845, 24073.095957851037)]"
46.70649611362974,8.597954337691542,13983.723493229772,23243.37962580193,"[(13975.154708898219, 23235.054290537722), (13975.241680104169, 23252.077949573286), (13991.714646214212, 23251.993814214133), (13991.62772161403, 23234.970155153424)]","[(13975.209718727914, 23245.82186594419), (13983.589002139051, 23252.035310149193), (13991.659722550772, 23241.237350734882), (13983.280375956208, 23235.012783318758), (13975.209718727914, 23245.82186594419)]"
